idx,t,px,py,pz,vx,vy,vz,ax,ay,az,yaw,mode,ledr,ledg,ledb
0,0.0,0,0,-0.0,0.0,0.0,-3.0,0,0,0,0,10,0,0,0
1,0.05,0,0,-0.15000000000000002,0.0,0.0,-3.0,0,0,0,0,10,0,0,0
2,0.1,0,0,-0.30000000000000004,0.0,0.0,-3.0,0,0,0,0,10,0,0,0
3,0.15000000000000002,0,0,-0.45000000000000007,0.0,0.0,-3.0,0,0,0,0,10,0,0,0
4,0.2,0,0,-0.6000000000000001,0.0,0.0,-3.0,0,0,0,0,10,0,0,0
5,0.25,0,0,-0.75,0.0,0.0,-3.0,0,0,0,0,10,0,0,0
6,0.30000000000000004,0,0,-0.9000000000000001,0.0,0.0,-3.0,0,0,0,0,10,0,0,0
7,0.35000000000000003,0,0,-1.05,0.0,0.0,-3.0,0,0,0,0,10,0,0,0
8,0.4,0,0,-1.2000000000000002,0.0,0.0,-3.0,0,0,0,0,10,0,0,0
9,0.45,0,0,-1.35,0.0,0.0,-3.0,0,0,0,0,10,0,0,0
10,0.5,0,0,-1.5,0.0,0.0,-3.0,0,0,0,0,10,0,0,0
11,0.55,0,0,-1.6500000000000001,0.0,0.0,-3.0,0,0,0,0,10,0,0,0
12,0.6000000000000001,0,0,-1.8000000000000003,0.0,0.0,-3.0,0,0,0,0,10,0,0,0
13,0.65,0,0,-1.9500000000000002,0.0,0.0,-3.0,0,0,0,0,10,0,0,0
14,0.7000000000000001,0,0,-2.1,0.0,0.0,-3.0,0,0,0,0,10,0,0,0
15,0.75,0,0,-2.25,0.0,0.0,-3.0,0,0,0,0,10,0,0,0
16,0.8,0,0,-2.4000000000000004,0.0,0.0,-3.0,0,0,0,0,10,0,0,0
17,0.8500000000000001,0,0,-2.5500000000000003,0.0,0.0,-3.0,0,0,0,0,10,0,0,0
18,0.9,0,0,-2.7,0.0,0.0,-3.0,0,0,0,0,10,0,0,0
19,0.9500000000000001,0,0,-2.85,0.0,0.0,-3.0,0,0,0,0,10,0,0,0
19,0.9500000000000001,0,0,-2.85,0,0,0,0,0,0,0,20,0,0,0
20,1.0,0,0,-2.85,0,0,0,0,0,0,0,20,0,0,0
21,1.05,0,0,-2.85,0,0,0,0,0,0,0,20,0,0,0
22,1.1,0,0,-2.85,0,0,0,0,0,0,0,20,0,0,0
23,1.1500000000000001,0,0,-2.85,0,0,0,0,0,0,0,20,0,0,0
24,1.2000000000000002,0,0,-2.85,0,0,0,0,0,0,0,20,0,0,0
25,1.25,0,0,-2.85,0,0,0,0,0,0,0,20,0,0,0
26,1.3,0,0,-2.85,0,0,0,0,0,0,0,20,0,0,0
27,1.35,0,0,-2.85,0,0,0,0,0,0,0,20,0,0,0
28,1.4000000000000001,0,0,-2.85,0,0,0,0,0,0,0,20,0,0,0
29,1.4500000000000002,0.0,0.0,-2.85,0.0,0.0,-1.5,0,0,0,0,30,0,0,0
30,1.55,0,0,-3,0,0,0,0,0,0,0,40,0,0,0
31,1.6,0,0,-3,0,0,0,0,0,0,0,40,0,0,0
32,1.6500000000000001,0,0,-3,0,0,0,0,0,0,0,40,0,0,0
33,1.7000000000000002,0,0,-3,0,0,0,0,0,0,0,40,0,0,0
34,1.75,0,0,-3,0,0,0,0,0,0,0,40,0,0,0
35,1.8,0,0,-3,0,0,0,0,0,0,0,40,0,0,0
36,1.85,0,0,-3,0,0,0,0,0,0,0,40,0,0,0
37,1.9000000000000001,0,0,-3,0,0,0,0,0,0,0,40,0,0,0
38,1.9500000000000002,0,0,-3,0,0,0,0,0,0,0,40,0,0,0
39,2.0,0,0,-3,0,0,0,0,0,0,0,40,0,0,0
40,2.05,0.0,0.0,-3.0,1.5,0.0,0.0,0,0,0,0,50,0,0,0
41,2.0999999999999996,0.08333333333333333,0.0,-3.0,1.5,0.0,0.0,0,0,0,0,50,0,0,0
42,2.15,0.16666666666666666,0.0,-3.0,1.5,0.0,0.0,0,0,0,0,50,0,0,0
43,2.1999999999999997,0.25,0.0,-3.0,1.5,0.0,0.0,0,0,0,0,50,0,0,0
44,2.25,0.3333333333333333,0.0,-3.0,1.5,0.0,0.0,0,0,0,0,50,0,0,0
45,2.3,0.4166666666666667,0.0,-3.0,1.5,0.0,0.0,0,0,0,0,50,0,0,0
46,2.3833333333333333,0.5,0.0,-3,0,0,0,0,0,0,0,60,0,0,0
47,2.433333333333333,0.5,0.0,-3,0,0,0,0,0,0,0,60,0,0,0
48,2.4833333333333334,0.5,0.0,-3,0,0,0,0,0,0,0,60,0,0,0
49,2.533333333333333,0.5,0.0,-3,0,0,0,0,0,0,0,60,0,0,0
50,2.5833333333333335,0.5,0.0,-3,0,0,0,0,0,0,0,60,0,0,0
51,2.6333333333333333,0.5,0.0,-3,0,0,0,0,0,0,0,60,0,0,0
52,2.6833333333333336,0.5,0.0,-3,0,0,0,0,0,0,0,60,0,0,0
53,2.7333333333333334,0.5,0.0,-3,0,0,0,0,0,0,0,60,0,0,0
54,2.783333333333333,0.5,0.0,-3,0,0,0,0,0,0,0,60,0,0,0
55,2.8333333333333335,0.5,0.0,-3,0,0,0,0,0,0,0,60,0,0,0
56,2.8833333333333333,0.5,0.0,-3.0,-0.0,1.5707963267948966,2.8333333333333335,-1.5707963267948966,-0.0,0.4722222222222222,0,70,0,0,0
57,2.933333333333333,0.4938441702975689,0.07821723252011543,-3.1416666666666666,-0.2457266830693193,1.5514572174249892,2.8333333333333335,-1.5514572174249892,-0.24572668306931933,0.4722222222222222,0,70,0,0,0
58,2.9833333333333334,0.4755282581475768,0.1545084971874737,-3.283333333333333,-0.4854027596813666,1.493916082370778,2.8333333333333335,-1.4939160823707778,-0.4854027596813666,0.4722222222222222,0,70,0,0,0
59,3.033333333333333,0.4455032620941839,0.22699524986977343,-3.4250000000000003,-0.7131266093906596,1.3995897753453763,2.8333333333333335,-1.3995897753453763,-0.7131266093906596,0.4722222222222222,0,70,0,0,0
60,3.0833333333333335,0.4045084971874737,0.29389262614623657,-3.5666666666666664,-0.9232909152452283,1.2708009230788149,2.8333333333333335,-1.2708009230788149,-0.9232909152452282,0.4722222222222222,0,70,0,0,0
61,3.1333333333333333,0.35355339059327373,0.35355339059327373,-3.708333333333333,-1.1107207345395915,1.1107207345395915,2.8333333333333335,-1.1107207345395915,-1.1107207345395915,0.4722222222222222,0,70,0,0,0
62,3.1833333333333336,0.29389262614623646,0.4045084971874738,-3.85,-1.270800923078815,0.9232909152452282,2.8333333333333335,-0.9232909152452282,-1.270800923078815,0.4722222222222222,0,70,0,0,0
63,3.2333333333333334,0.22699524986977337,0.4455032620941839,-3.9916666666666667,-1.3995897753453763,0.7131266093906595,2.8333333333333335,-0.7131266093906595,-1.3995897753453763,0.4722222222222222,0,70,0,0,0
64,3.283333333333333,0.15450849718747373,0.47552825814757677,-4.133333333333333,-1.493916082370778,0.48540275968136665,2.8333333333333335,-0.48540275968136665,-1.4939160823707778,0.4722222222222222,0,70,0,0,0
65,3.3333333333333335,0.07821723252011548,0.4938441702975689,-4.275,-1.5514572174249892,0.24572668306931936,2.8333333333333335,-0.24572668306931936,-1.5514572174249892,0.4722222222222222,0,70,0,0,0
66,3.3833333333333333,0.0,0.5,-4.416666666666666,-1.5707963267948966,9.618353468608949e-17,2.8333333333333335,-9.618353468608949e-17,-1.5707963267948966,0.4722222222222222,0,70,0,0,0
67,3.4333333333333336,-0.07821723252011542,0.4938441702975689,-4.558333333333334,-1.5514572174249892,-0.24572668306931922,2.8333333333333335,0.24572668306931922,-1.5514572174249892,0.4722222222222222,0,70,0,0,0
68,3.4833333333333334,-0.1545084971874739,0.4755282581475767,-4.7,-1.493916082370778,-0.4854027596813672,2.8333333333333335,0.48540275968136715,-1.4939160823707778,0.4722222222222222,0,70,0,0,0
69,3.533333333333333,-0.22699524986977337,0.44550326209418395,-4.841666666666667,-1.3995897753453768,-0.7131266093906593,2.8333333333333335,0.7131266093906594,-1.3995897753453765,0.4722222222222222,0,70,0,0,0
70,3.5833333333333335,-0.2938926261462365,0.4045084971874737,-4.983333333333333,-1.2708009230788149,-0.9232909152452282,2.8333333333333335,0.9232909152452282,-1.2708009230788149,0.4722222222222222,0,70,0,0,0
71,3.6333333333333333,-0.35355339059327373,0.3535533905932738,-5.125,-1.1107207345395915,-1.1107207345395915,2.8333333333333335,1.1107207345395915,-1.1107207345395915,0.4722222222222222,0,70,0,0,0
72,3.6833333333333336,-0.40450849718747367,0.2938926261462366,-5.266666666666667,-0.9232909152452285,-1.2708009230788149,2.8333333333333335,1.2708009230788149,-0.9232909152452284,0.4722222222222222,0,70,0,0,0
73,3.7333333333333334,-0.445503262094184,0.22699524986977324,-5.408333333333333,-0.7131266093906591,-1.3995897753453768,2.8333333333333335,1.3995897753453765,-0.7131266093906591,0.4722222222222222,0,70,0,0,0
74,3.783333333333333,-0.47552825814757677,0.15450849718747375,-5.55,-0.48540275968136676,-1.493916082370778,2.8333333333333335,1.4939160823707778,-0.48540275968136676,0.4722222222222222,0,70,0,0,0
75,3.8333333333333335,-0.49384417029756883,0.07821723252011549,-5.691666666666666,-0.24572668306931952,-1.551457217424989,2.8333333333333335,1.551457217424989,-0.24572668306931952,0.4722222222222222,0,70,0,0,0
76,3.8833333333333333,-0.5,6.123233995736766e-17,-5.833333333333333,-1.9236706937217898e-16,-1.5707963267948966,2.8333333333333335,1.5707963267948966,-1.9236706937217898e-16,0.4722222222222222,0,70,0,0,0
77,3.9333333333333336,-0.4938441702975689,-0.07821723252011537,-5.975,0.24572668306931908,-1.5514572174249892,2.8333333333333335,1.5514572174249892,0.24572668306931908,0.4722222222222222,0,70,0,0,0
78,3.9833333333333334,-0.4755282581475768,-0.15450849718747364,-6.116666666666667,0.4854027596813664,-1.493916082370778,2.8333333333333335,1.493916082370778,0.4854027596813665,0.4722222222222222,0,70,0,0,0
79,4.033333333333333,-0.44550326209418384,-0.22699524986977354,-6.258333333333334,0.71312660939066,-1.399589775345376,2.8333333333333335,1.399589775345376,0.71312660939066,0.4722222222222222,0,70,0,0,0
80,4.083333333333334,-0.4045084971874735,-0.29389262614623685,-6.4,0.9232909152452292,-1.2708009230788142,2.8333333333333335,1.2708009230788142,0.9232909152452292,0.4722222222222222,0,70,0,0,0
81,4.133333333333333,-0.35355339059327384,-0.35355339059327373,-6.541666666666667,1.1107207345395915,-1.1107207345395917,2.8333333333333335,1.1107207345395917,1.1107207345395915,0.4722222222222222,0,70,0,0,0
82,4.183333333333334,-0.2938926261462366,-0.40450849718747367,-6.683333333333334,1.2708009230788149,-0.9232909152452285,2.8333333333333335,0.9232909152452284,1.2708009230788149,0.4722222222222222,0,70,0,0,0
83,4.233333333333333,-0.22699524986977349,-0.4455032620941839,-6.825,1.3995897753453763,-0.7131266093906597,2.8333333333333335,0.7131266093906597,1.3995897753453763,0.4722222222222222,0,70,0,0,0
84,4.283333333333333,-0.15450849718747378,-0.47552825814757677,-6.966666666666667,1.493916082370778,-0.48540275968136687,2.8333333333333335,0.48540275968136687,1.4939160823707778,0.4722222222222222,0,70,0,0,0
85,4.333333333333334,-0.07821723252011509,-0.49384417029756894,-7.108333333333334,1.5514572174249892,-0.24572668306931822,2.8333333333333335,0.24572668306931822,1.5514572174249892,0.4722222222222222,0,70,0,0,0
86,4.383333333333333,-1.1102230246251565e-16,-0.5,-7.25,1.5707963267948966,-2.8855060405826847e-16,2.8333333333333335,2.8855060405826847e-16,1.5707963267948966,0.4722222222222222,0,70,0,0,0
87,4.433333333333334,0.07821723252011537,-0.4938441702975689,-7.3916666666666675,1.5514572174249892,0.245726683069319,2.8333333333333335,-0.24572668306931897,1.5514572174249892,0.4722222222222222,0,70,0,0,0
88,4.483333333333333,0.15450849718747361,-0.4755282581475768,-7.533333333333333,1.493916082370778,0.4854027596813663,2.8333333333333335,-0.48540275968136626,1.493916082370778,0.4722222222222222,0,70,0,0,0
89,4.533333333333333,0.22699524986977337,-0.445503262094184,-7.675000000000001,1.3995897753453768,0.7131266093906593,2.8333333333333335,-0.7131266093906593,1.3995897753453765,0.4722222222222222,0,70,0,0,0
90,4.583333333333334,0.2938926261462369,-0.4045084971874735,-7.816666666666667,1.2708009230788142,0.9232909152452292,2.8333333333333335,-0.9232909152452292,1.2708009230788142,0.4722222222222222,0,70,0,0,0
91,4.633333333333333,0.35355339059327373,-0.35355339059327384,-7.958333333333334,1.1107207345395917,1.1107207345395913,2.8333333333333335,-1.1107207345395913,1.1107207345395917,0.4722222222222222,0,70,0,0,0
92,4.683333333333334,0.4045084971874737,-0.2938926261462367,-8.1,0.9232909152452287,1.2708009230788149,2.8333333333333335,-1.2708009230788149,0.9232909152452287,0.4722222222222222,0,70,0,0,0
93,4.733333333333333,0.4455032620941839,-0.22699524986977349,-8.241666666666667,0.71312660939066,1.3995897753453763,2.8333333333333335,-1.3995897753453763,0.7131266093906599,0.4722222222222222,0,70,0,0,0
94,4.783333333333333,0.4755282581475768,-0.1545084971874738,-8.383333333333333,0.485402759681367,1.493916082370778,2.8333333333333335,-1.4939160823707778,0.485402759681367,0.4722222222222222,0,70,0,0,0
95,4.833333333333334,0.4938441702975689,-0.07821723252011512,-8.525,0.2457266830693183,1.5514572174249892,2.8333333333333335,-1.5514572174249892,0.24572668306931827,0.4722222222222222,0,70,0,0,0
96,4.883333333333333,0.5,-1.2246467991473532e-16,-8.666666666666666,3.8473413874435795e-16,1.5707963267948966,2.8333333333333335,-1.5707963267948966,3.8473413874435795e-16,0.4722222222222222,0,70,0,0,0
97,4.933333333333334,0.4938441702975689,0.07821723252011575,-8.808333333333334,-0.2457266830693203,1.551457217424989,2.8333333333333335,-1.551457217424989,-0.2457266830693203,0.4722222222222222,0,70,0,0,0
98,4.983333333333333,0.4755282581475768,0.1545084971874736,-8.95,-0.4854027596813662,1.493916082370778,2.8333333333333335,-1.493916082370778,-0.48540275968136626,0.4722222222222222,0,70,0,0,0
99,5.033333333333333,0.4455032620941841,0.22699524986977287,-9.091666666666667,-0.7131266093906579,1.3995897753453772,2.8333333333333335,-1.3995897753453772,-0.7131266093906579,0.4722222222222222,0,70,0,0,0
100,5.083333333333334,0.4045084971874737,0.29389262614623646,-9.233333333333334,-0.9232909152452281,1.270800923078815,2.8333333333333335,-1.270800923078815,-0.9232909152452281,0.4722222222222222,0,70,0,0,0
101,5.133333333333333,0.35355339059327384,0.3535533905932737,-9.375,-1.1107207345395913,1.1107207345395917,2.8333333333333335,-1.1107207345395917,-1.1107207345395913,0.4722222222222222,0,70,0,0,0
102,5.183333333333334,0.29389262614623635,0.4045084971874739,-9.516666666666667,-1.2708009230788155,0.9232909152452277,2.8333333333333335,-0.9232909152452277,-1.2708009230788155,0.4722222222222222,0,70,0,0,0
103,5.233333333333333,0.22699524986977315,0.44550326209418406,-9.658333333333333,-1.3995897753453768,0.7131266093906586,2.8333333333333335,-0.7131266093906586,-1.3995897753453768,0.4722222222222222,0,70,0,0,0
104,5.283333333333333,0.15450849718747306,0.475528258147577,-9.8,-1.4939160823707784,0.4854027596813644,2.8333333333333335,-0.48540275968136437,-1.4939160823707784,0.4722222222222222,0,70,0,0,0
105,5.333333333333334,0.07821723252011514,0.4938441702975689,-9.941666666666666,-1.5514572174249892,0.2457266830693184,2.8333333333333335,-0.24572668306931839,-1.5514572174249892,0.4722222222222222,0,70,0,0,0
106,5.383333333333333,1.1102230246251565e-16,0.5,-10.083333333333334,-1.5707963267948966,4.809176734304475e-16,2.8333333333333335,-4.809176734304475e-16,-1.5707963267948966,0.4722222222222222,0,70,0,0,0
107,5.433333333333334,-0.0782172325201157,0.49384417029756883,-10.225000000000001,-1.551457217424989,-0.2457266830693202,2.8333333333333335,0.24572668306932022,-1.551457217424989,0.4722222222222222,0,70,0,0,0
108,5.483333333333333,-0.15450849718747356,0.4755282581475768,-10.366666666666667,-1.493916082370778,-0.48540275968136615,2.8333333333333335,0.48540275968136615,-1.493916082370778,0.4722222222222222,0,70,0,0,0
109,5.533333333333333,-0.22699524986977365,0.4455032620941838,-10.508333333333333,-1.3995897753453759,-0.7131266093906602,2.8333333333333335,0.7131266093906603,-1.3995897753453759,0.4722222222222222,0,70,0,0,0
110,5.583333333333334,-0.29389262614623646,0.40450849718747384,-10.65,-1.2708009230788153,-0.9232909152452281,2.8333333333333335,0.9232909152452281,-1.2708009230788153,0.4722222222222222,0,70,0,0,0
111,5.633333333333333,-0.35355339059327334,0.3535533905932742,-10.791666666666666,-1.1107207345395929,-1.1107207345395902,2.8333333333333335,1.1107207345395902,-1.1107207345395929,0.4722222222222222,0,70,0,0,0
112,5.683333333333334,-0.4045084971874736,0.2938926261462367,-10.933333333333334,-0.9232909152452287,-1.2708009230788146,2.8333333333333335,1.2708009230788146,-0.9232909152452287,0.4722222222222222,0,70,0,0,0
113,5.733333333333333,-0.44550326209418406,0.22699524986977315,-11.075000000000001,-0.7131266093906587,-1.3995897753453768,2.8333333333333335,1.3995897753453768,-0.7131266093906587,0.4722222222222222,0,70,0,0,0
114,5.783333333333333,-0.475528258147577,0.15450849718747303,-11.216666666666669,-0.4854027596813644,-1.4939160823707784,2.8333333333333335,1.4939160823707784,-0.4854027596813645,0.4722222222222222,0,70,0,0,0
115,5.833333333333334,-0.4938441702975689,0.07821723252011517,-11.358333333333334,-0.24572668306931847,-1.5514572174249892,2.8333333333333335,1.5514572174249892,-0.24572668306931847,0.4722222222222222,0,70,0,0,0
116,5.883333333333333,-0.5,1.8369701987210297e-16,-11.5,-5.771012081165369e-16,-1.5707963267948966,2.8333333333333335,1.5707963267948966,-5.771012081165369e-16,0.4722222222222222,0,70,0,0,0
117,5.933333333333334,-0.49384417029756883,-0.07821723252011568,-11.641666666666667,0.2457266830693201,-1.551457217424989,2.8333333333333335,1.551457217424989,0.2457266830693201,0.4722222222222222,0,70,0,0,0
118,5.983333333333333,-0.4755282581475768,-0.15450849718747353,-11.783333333333335,0.4854027596813661,-1.493916082370778,2.8333333333333335,1.493916082370778,0.4854027596813661,0.4722222222222222,0,70,0,0,0
119,6.033333333333333,-0.44550326209418384,-0.22699524986977362,-11.925,0.7131266093906602,-1.399589775345376,2.8333333333333335,1.399589775345376,0.7131266093906603,0.4722222222222222,0,70,0,0,0
120,6.083333333333334,-0.40450849718747384,-0.2938926261462364,-12.066666666666666,0.9232909152452279,-1.2708009230788153,2.8333333333333335,1.2708009230788153,0.9232909152452279,0.4722222222222222,0,70,0,0,0
121,6.133333333333333,-0.35355339059327356,-0.35355339059327395,-12.208333333333332,1.1107207345395922,-1.1107207345395909,2.8333333333333335,1.1107207345395909,1.1107207345395922,0.4722222222222222,0,70,0,0,0
122,6.183333333333334,-0.29389262614623674,-0.4045084971874736,-12.350000000000001,1.2708009230788146,-0.923290915245229,2.8333333333333335,0.9232909152452289,1.2708009230788146,0.4722222222222222,0,70,0,0,0
123,6.233333333333333,-0.22699524986977315,-0.44550326209418406,-12.491666666666667,1.3995897753453768,-0.7131266093906589,2.8333333333333335,0.7131266093906589,1.3995897753453768,0.4722222222222222,0,70,0,0,0
124,6.283333333333333,-0.15450849718747306,-0.475528258147577,-12.633333333333335,1.4939160823707784,-0.4854027596813646,2.8333333333333335,0.4854027596813646,1.4939160823707784,0.4722222222222222,0,70,0,0,0
125,6.333333333333334,-0.0782172325201152,-0.4938441702975689,-12.775,1.5514572174249892,-0.24572668306931858,2.8333333333333335,0.24572668306931858,1.5514572174249892,0.4722222222222222,0,70,0,0,0
126,6.383333333333333,-2.220446049250313e-16,-0.5,-12.916666666666668,1.5707963267948966,-6.732847428026265e-16,2.8333333333333335,6.732847428026265e-16,1.5707963267948966,0.4722222222222222,0,70,0,0,0
127,6.433333333333334,0.0782172325201157,-0.49384417029756883,-13.058333333333334,1.551457217424989,0.24572668306932,2.8333333333333335,-0.24572668306932,1.551457217424989,0.4722222222222222,0,70,0,0,0
128,6.483333333333333,0.1545084971874735,-0.4755282581475769,-13.2,1.4939160823707782,0.485402759681366,2.8333333333333335,-0.485402759681366,1.4939160823707782,0.4722222222222222,0,70,0,0,0
129,6.533333333333333,0.2269952498697736,-0.44550326209418384,-13.341666666666669,1.399589775345376,0.7131266093906602,2.8333333333333335,-0.7131266093906602,1.399589775345376,0.4722222222222222,0,70,0,0,0
130,6.583333333333334,0.29389262614623646,-0.40450849718747384,-13.483333333333334,1.2708009230788153,0.9232909152452279,2.8333333333333335,-0.9232909152452279,1.2708009230788153,0.4722222222222222,0,70,0,0,0
131,6.633333333333333,0.3535533905932733,-0.35355339059327423,-13.625,1.110720734539593,1.11072073453959,2.8333333333333335,-1.11072073453959,1.110720734539593,0.4722222222222222,0,70,0,0,0
132,6.683333333333334,0.4045084971874735,-0.29389262614623674,-13.766666666666667,0.923290915245229,1.2708009230788144,2.8333333333333335,-1.2708009230788144,0.9232909152452289,0.4722222222222222,0,70,0,0,0
133,6.733333333333333,0.445503262094184,-0.2269952498697732,-13.908333333333335,0.7131266093906591,1.3995897753453768,2.8333333333333335,-1.3995897753453765,0.713126609390659,0.4722222222222222,0,70,0,0,0
134,6.783333333333333,0.47552825814757704,-0.1545084971874731,-14.05,0.48540275968136465,1.4939160823707784,2.8333333333333335,-1.4939160823707784,0.4854027596813647,0.4722222222222222,0,70,0,0,0
135,6.833333333333334,0.4938441702975689,-0.07821723252011524,-14.191666666666666,0.2457266830693187,1.5514572174249892,2.8333333333333335,-1.5514572174249892,0.24572668306931866,0.4722222222222222,0,70,0,0,0
136,6.883333333333333,0.5,-2.4492935982947064e-16,-14.333333333333332,7.694682774887159e-16,1.5707963267948966,2.8333333333333335,-1.5707963267948966,7.694682774887159e-16,0.4722222222222222,0,70,0,0,0
137,6.933333333333334,0.4938441702975689,0.07821723252011563,-14.475,-0.2457266830693199,1.551457217424989,2.8333333333333335,-1.551457217424989,-0.2457266830693199,0.4722222222222222,0,70,0,0,0
138,6.983333333333334,0.4755282581475766,0.1545084971874743,-14.616666666666669,-0.4854027596813684,1.4939160823707773,2.8333333333333335,-1.4939160823707773,-0.4854027596813684,0.4722222222222222,0,70,0,0,0
139,7.033333333333333,0.44550326209418345,0.22699524986977435,-14.758333333333335,-0.7131266093906626,1.399589775345375,2.8333333333333335,-1.399589775345375,-0.7131266093906625,0.4722222222222222,0,70,0,0,0
140,7.083333333333334,0.40450849718747384,0.29389262614623635,-14.9,-0.9232909152452277,1.2708009230788153,2.8333333333333335,-1.2708009230788153,-0.9232909152452277,0.4722222222222222,0,70,0,0,0
141,7.133333333333333,0.3535533905932736,0.3535533905932739,-15.041666666666668,-1.110720734539592,1.110720734539591,2.8333333333333335,-1.110720734539591,-1.110720734539592,0.4722222222222222,0,70,0,0,0
142,7.183333333333334,0.29389262614623757,0.40450849718747306,-15.183333333333334,-1.2708009230788129,0.9232909152452313,2.8333333333333335,-0.9232909152452314,-1.2708009230788129,0.4722222222222222,0,70,0,0,0
143,7.233333333333334,0.22699524986977404,0.4455032620941836,-15.325000000000001,-1.3995897753453754,0.7131266093906615,2.8333333333333335,-0.7131266093906615,-1.3995897753453754,0.4722222222222222,0,70,0,0,0
144,7.283333333333333,0.15450849718747395,0.4755282581475767,-15.466666666666669,-1.493916082370778,0.4854027596813675,2.8333333333333335,-0.4854027596813675,-1.4939160823707778,0.4722222222222222,0,70,0,0,0
145,7.333333333333334,0.07821723252011525,0.4938441702975689,-15.608333333333334,-1.5514572174249892,0.24572668306931877,2.8333333333333335,-0.24572668306931877,-1.5514572174249892,0.4722222222222222,0,70,0,0,0
146,7.383333333333333,2.220446049250313e-16,0.5,-15.75,-1.5707963267948966,8.656518121748054e-16,2.8333333333333335,-8.656518121748054e-16,-1.5707963267948966,0.4722222222222222,0,70,0,0,0
147,7.433333333333334,-0.0782172325201147,0.493844170297569,-15.891666666666666,-1.5514572174249894,-0.24572668306931708,2.8333333333333335,0.2457266830693171,-1.5514572174249894,0.4722222222222222,0,70,0,0,0
148,7.483333333333334,-0.15450849718747428,0.4755282581475766,-16.033333333333335,-1.4939160823707773,-0.4854027596813684,2.8333333333333335,0.4854027596813684,-1.4939160823707773,0.4722222222222222,0,70,0,0,0
149,7.533333333333333,-0.22699524986977354,0.44550326209418384,-16.175,-1.399589775345376,-0.71312660939066,2.8333333333333335,0.71312660939066,-1.399589775345376,0.4722222222222222,0,70,0,0,0
150,7.583333333333334,-0.29389262614623707,0.40450849718747334,-16.316666666666666,-1.2708009230788138,-0.9232909152452299,2.8333333333333335,0.9232909152452299,-1.2708009230788138,0.4722222222222222,0,70,0,0,0
151,7.633333333333333,-0.35355339059327323,0.3535533905932743,-16.458333333333332,-1.110720734539593,-1.1107207345395897,2.8333333333333335,1.1107207345395897,-1.110720734539593,0.4722222222222222,0,70,0,0,0
152,7.683333333333334,-0.40450849718747456,0.29389262614623535,-16.6,-0.9232909152452246,-1.2708009230788175,2.8333333333333335,1.2708009230788175,-0.9232909152452246,0.4722222222222222,0,70,0,0,0
153,7.733333333333334,-0.445503262094184,0.22699524986977326,-16.741666666666667,-0.7131266093906591,-1.3995897753453768,2.8333333333333335,1.3995897753453765,-0.7131266093906591,0.4722222222222222,0,70,0,0,0
154,7.783333333333333,-0.475528258147577,0.15450849718747314,-16.883333333333333,-0.4854027596813648,-1.4939160823707784,2.8333333333333335,1.4939160823707784,-0.4854027596813648,0.4722222222222222,0,70,0,0,0
155,7.833333333333334,-0.4938441702975687,0.07821723252011617,-17.025,-0.24572668306932163,-1.5514572174249885,2.8333333333333335,1.5514572174249885,-0.24572668306932163,0.4722222222222222,0,70,0,0,0
156,7.883333333333333,-0.5,3.061616997868383e-16,-17.166666666666668,-9.61835346860895e-16,-1.5707963267948966,2.8333333333333335,1.5707963267948966,-9.61835346860895e-16,0.4722222222222222,0,70,0,0,0
157,7.933333333333334,-0.49384417029756883,-0.07821723252011557,-17.308333333333337,0.24572668306931975,-1.551457217424989,2.8333333333333335,1.551457217424989,0.24572668306931977,0.4722222222222222,0,70,0,0,0
158,7.983333333333334,-0.4755282581475766,-0.15450849718747425,-17.450000000000003,0.4854027596813683,-1.4939160823707773,2.8333333333333335,1.4939160823707773,0.48540275968136837,0.4722222222222222,0,70,0,0,0
159,8.033333333333333,-0.44550326209418345,-0.2269952498697743,-17.59166666666667,0.7131266093906623,-1.399589775345375,2.8333333333333335,1.399589775345375,0.7131266093906623,0.4722222222222222,0,70,0,0,0
160,8.083333333333334,-0.4045084971874739,-0.2938926261462363,-17.733333333333334,0.9232909152452274,-1.2708009230788155,2.8333333333333335,1.2708009230788155,0.9232909152452274,0.4722222222222222,0,70,0,0,0
161,8.133333333333333,-0.3535533905932737,-0.35355339059327384,-17.875,1.1107207345395917,-1.1107207345395913,2.8333333333333335,1.1107207345395913,1.1107207345395917,0.4722222222222222,0,70,0,0,0
162,8.183333333333334,-0.2938926261462361,-0.40450849718747406,-18.016666666666666,1.270800923078816,-0.923290915245227,2.8333333333333335,0.9232909152452271,1.270800923078816,0.4722222222222222,0,70,0,0,0
163,8.233333333333334,-0.2269952498697725,-0.4455032620941844,-18.158333333333335,1.3995897753453779,-0.7131266093906566,2.8333333333333335,0.7131266093906568,1.3995897753453779,0.4722222222222222,0,70,0,0,0
164,8.283333333333333,-0.15450849718747406,-0.4755282581475767,-18.3,1.493916082370778,-0.48540275968136765,2.8333333333333335,0.48540275968136765,1.4939160823707778,0.4722222222222222,0,70,0,0,0
165,8.333333333333334,-0.07821723252011531,-0.4938441702975689,-18.441666666666666,1.5514572174249892,-0.24572668306931897,2.8333333333333335,0.24572668306931897,1.5514572174249892,0.4722222222222222,0,70,0,0,0
166,8.383333333333333,-1.2212453270876722e-15,-0.5,-18.583333333333332,1.5707963267948966,-3.848313679953889e-15,2.8333333333333335,3.848313679953889e-15,1.5707963267948966,0.4722222222222222,0,70,0,0,0
167,8.433333333333334,0.07821723252011648,-0.4938441702975687,-18.725,1.5514572174249885,0.2457266830693224,2.8333333333333335,-0.24572668306932244,1.5514572174249885,0.4722222222222222,0,70,0,0,0
168,8.483333333333334,0.1545084971874734,-0.4755282581475769,-18.866666666666667,1.4939160823707782,0.48540275968136565,2.8333333333333335,-0.4854027596813657,1.4939160823707782,0.4722222222222222,0,70,0,0,0
169,8.533333333333333,0.22699524986977349,-0.4455032620941839,-19.008333333333336,1.3995897753453763,0.71312660939066,2.8333333333333335,-0.7131266093906599,1.3995897753453763,0.4722222222222222,0,70,0,0,0
170,8.583333333333334,0.293892626146237,-0.4045084971874734,-19.150000000000002,1.270800923078814,0.9232909152452299,2.8333333333333335,-0.9232909152452299,1.270800923078814,0.4722222222222222,0,70,0,0,0
171,8.633333333333333,0.3535533905932732,-0.35355339059327434,-19.291666666666668,1.1107207345395933,1.1107207345395897,2.8333333333333335,-1.1107207345395897,1.1107207345395933,0.4722222222222222,0,70,0,0,0
172,8.683333333333334,0.4045084971874746,-0.2938926261462354,-19.433333333333337,0.9232909152452247,1.2708009230788175,2.8333333333333335,-1.2708009230788175,0.9232909152452247,0.4722222222222222,0,70,0,0,0
173,8.733333333333334,0.4455032620941839,-0.22699524986977332,-19.575000000000003,0.7131266093906593,1.3995897753453768,2.8333333333333335,-1.3995897753453765,0.7131266093906593,0.4722222222222222,0,70,0,0,0
174,8.783333333333333,0.47552825814757693,-0.1545084971874732,-19.71666666666667,0.48540275968136504,1.4939160823707784,2.8333333333333335,-1.4939160823707784,0.4854027596813651,0.4722222222222222,0,70,0,0,0
175,8.833333333333334,0.49384417029756866,-0.07821723252011624,-19.858333333333334,0.2457266830693218,1.5514572174249885,2.8333333333333335,-1.5514572174249885,0.24572668306932183,0.4722222222222222,0,70,0,0,0
176,8.883333333333333,0.49384417029756866,-0.07821723252011624,-19.858333333333334,0,0,0,0,0,0,0,60,0,0,0
177,8.933333333333334,0.49384417029756866,-0.07821723252011624,-19.858333333333334,0,0,0,0,0,0,0,60,0,0,0
178,8.983333333333333,0.49384417029756866,-0.07821723252011624,-19.858333333333334,0,0,0,0,0,0,0,60,0,0,0
179,9.033333333333333,0.49384417029756866,-0.07821723252011624,-19.858333333333334,0,0,0,0,0,0,0,60,0,0,0
180,9.083333333333332,0.49384417029756866,-0.07821723252011624,-19.858333333333334,0,0,0,0,0,0,0,60,0,0,0
181,9.133333333333333,0.49384417029756866,-0.07821723252011624,-19.858333333333334,0,0,0,0,0,0,0,60,0,0,0
182,9.183333333333334,0.49384417029756866,-0.07821723252011624,-19.858333333333334,0,0,0,0,0,0,0,60,0,0,0
183,9.233333333333333,0.49384417029756866,-0.07821723252011624,-19.858333333333334,0,0,0,0,0,0,0,60,0,0,0
184,9.283333333333333,0.49384417029756866,-0.07821723252011624,-19.858333333333334,0,0,0,0,0,0,0,60,0,0,0
185,9.333333333333332,0.49384417029756866,-0.07821723252011624,-19.858333333333334,0,0,0,0,0,0,0,60,0,0,0
186,9.383333333333333,0.49384417029756866,-0.07821723252011624,-19.858333333333334,0,0,0,0,0,0,0,80,0,0,0
187,9.433333333333334,0.49384417029756866,-0.07821723252011624,-19.858333333333334,0,0,0,0,0,0,0,80,0,0,0
188,9.483333333333333,0.49384417029756866,-0.07821723252011624,-19.858333333333334,0,0,0,0,0,0,0,80,0,0,0
189,9.533333333333333,0.49384417029756866,-0.07821723252011624,-19.858333333333334,0,0,0,0,0,0,0,80,0,0,0
190,9.583333333333332,0.49384417029756866,-0.07821723252011624,-19.858333333333334,0,0,0,0,0,0,0,80,0,0,0
191,9.633333333333333,0.49384417029756866,-0.07821723252011624,-19.858333333333334,0,0,0,0,0,0,0,80,0,0,0
192,9.683333333333334,0.49384417029756866,-0.07821723252011624,-19.858333333333334,0,0,0,0,0,0,0,80,0,0,0
193,9.733333333333333,0.49384417029756866,-0.07821723252011624,-19.858333333333334,0,0,0,0,0,0,0,80,0,0,0
194,9.783333333333333,0.49384417029756866,-0.07821723252011624,-19.858333333333334,0,0,0,0,0,0,0,80,0,0,0
195,9.833333333333332,0.49384417029756866,-0.07821723252011624,-19.858333333333334,0,0,0,0,0,0,0,80,0,0,0
196,9.883333333333333,0.49384417029756866,-0.07821723252011624,-19.858333333333334,-0.04392134426678509,0.006956457529996111,1.499340696178301,0,0,0,0,90,0,0,0
197,9.933333333333334,0.49163950882302593,-0.07786804844636572,-19.78307291666667,-0.04392134426678509,0.006956457529996111,1.499340696178301,0,0,0,0,90,0,0,0
198,9.983333333333333,0.48943484734848325,-0.0775188643726152,-19.7078125,-0.04392134426678509,0.006956457529996111,1.499340696178301,0,0,0,0,90,0,0,0
199,10.033333333333333,0.4872301858739405,-0.07716968029886469,-19.632552083333334,-0.04392134426678509,0.006956457529996111,1.499340696178301,0,0,0,0,90,0,0,0
200,10.083333333333332,0.4850255243993978,-0.07682049622511417,-19.557291666666668,-0.04392134426678509,0.006956457529996111,1.499340696178301,0,0,0,0,90,0,0,0
201,10.133333333333333,0.4828208629248551,-0.07647131215136364,-19.482031250000002,-0.04392134426678509,0.006956457529996111,1.499340696178301,0,0,0,0,90,0,0,0
202,10.183333333333334,0.48061620145031236,-0.07612212807761312,-19.406770833333333,-0.04392134426678509,0.006956457529996111,1.499340696178301,0,0,0,0,90,0,0,0
203,10.233333333333333,0.47841153997576963,-0.07577294400386261,-19.331510416666667,-0.04392134426678509,0.006956457529996111,1.499340696178301,0,0,0,0,90,0,0,0
204,10.283333333333333,0.47620687850122695,-0.07542375993011209,-19.25625,-0.04392134426678509,0.006956457529996111,1.499340696178301,0,0,0,0,90,0,0,0
205,10.333333333333332,0.4740022170266842,-0.07507457585636157,-19.180989583333336,-0.04392134426678509,0.006956457529996111,1.499340696178301,0,0,0,0,90,0,0,0
206,10.383333333333333,0.4717975555521415,-0.07472539178261105,-19.105729166666666,-0.04392134426678509,0.006956457529996111,1.499340696178301,0,0,0,0,90,0,0,0
207,10.433333333333334,0.4695928940775988,-0.07437620770886053,-19.03046875,-0.04392134426678509,0.006956457529996111,1.499340696178301,0,0,0,0,90,0,0,0
208,10.483333333333333,0.46738823260305606,-0.07402702363511002,-18.955208333333335,-0.04392134426678509,0.006956457529996111,1.499340696178301,0,0,0,0,90,0,0,0
209,10.533333333333333,0.46518357112851333,-0.0736778395613595,-18.879947916666666,-0.04392134426678509,0.006956457529996111,1.499340696178301,0,0,0,0,90,0,0,0
210,10.583333333333332,0.4629789096539706,-0.07332865548760897,-18.8046875,-0.04392134426678509,0.006956457529996111,1.499340696178301,0,0,0,0,90,0,0,0
211,10.633333333333333,0.4607742481794279,-0.07297947141385845,-18.729427083333334,-0.04392134426678509,0.006956457529996111,1.499340696178301,0,0,0,0,90,0,0,0
212,10.683333333333334,0.4585695867048852,-0.07263028734010793,-18.65416666666667,-0.04392134426678509,0.006956457529996111,1.499340696178301,0,0,0,0,90,0,0,0
213,10.733333333333333,0.45636492523034244,-0.07228110326635742,-18.578906250000003,-0.04392134426678509,0.006956457529996111,1.499340696178301,0,0,0,0,90,0,0,0
214,10.783333333333333,0.45416026375579976,-0.0719319191926069,-18.503645833333334,-0.04392134426678509,0.006956457529996111,1.499340696178301,0,0,0,0,90,0,0,0
215,10.833333333333332,0.45195560228125703,-0.07158273511885638,-18.428385416666668,-0.04392134426678509,0.006956457529996111,1.499340696178301,0,0,0,0,90,0,0,0
216,10.883333333333333,0.4497509408067143,-0.07123355104510586,-18.353125000000002,-0.04392134426678509,0.006956457529996111,1.499340696178301,0,0,0,0,90,0,0,0
217,10.933333333333334,0.4475462793321716,-0.07088436697135535,-18.277864583333333,-0.04392134426678509,0.006956457529996111,1.499340696178301,0,0,0,0,90,0,0,0
218,10.983333333333333,0.4453416178576289,-0.07053518289760483,-18.202604166666667,-0.04392134426678509,0.006956457529996111,1.499340696178301,0,0,0,0,90,0,0,0
219,11.033333333333333,0.44313695638308614,-0.0701859988238543,-18.12734375,-0.04392134426678509,0.006956457529996111,1.499340696178301,0,0,0,0,90,0,0,0
220,11.083333333333332,0.44093229490854347,-0.06983681475010378,-18.052083333333336,-0.04392134426678509,0.006956457529996111,1.499340696178301,0,0,0,0,90,0,0,0
221,11.133333333333333,0.43872763343400073,-0.06948763067635326,-17.976822916666666,-0.04392134426678509,0.006956457529996111,1.499340696178301,0,0,0,0,90,0,0,0
222,11.183333333333334,0.436522971959458,-0.06913844660260275,-17.9015625,-0.04392134426678509,0.006956457529996111,1.499340696178301,0,0,0,0,90,0,0,0
223,11.233333333333333,0.4343183104849153,-0.06878926252885223,-17.826302083333335,-0.04392134426678509,0.006956457529996111,1.499340696178301,0,0,0,0,90,0,0,0
224,11.283333333333333,0.4321136490103726,-0.06844007845510171,-17.751041666666666,-0.04392134426678509,0.006956457529996111,1.499340696178301,0,0,0,0,90,0,0,0
225,11.333333333333332,0.42990898753582985,-0.06809089438135119,-17.67578125,-0.04392134426678509,0.006956457529996111,1.499340696178301,0,0,0,0,90,0,0,0
226,11.383333333333333,0.42770432606128717,-0.06774171030760068,-17.600520833333334,-0.04392134426678509,0.006956457529996111,1.499340696178301,0,0,0,0,90,0,0,0
227,11.433333333333334,0.42549966458674443,-0.06739252623385016,-17.52526041666667,-0.04392134426678509,0.006956457529996111,1.499340696178301,0,0,0,0,90,0,0,0
228,11.483333333333333,0.4232950031122017,-0.06704334216009963,-17.450000000000003,-0.04392134426678509,0.006956457529996111,1.499340696178301,0,0,0,0,90,0,0,0
229,11.533333333333333,0.421090341637659,-0.06669415808634911,-17.374739583333334,-0.04392134426678509,0.006956457529996111,1.499340696178301,0,0,0,0,90,0,0,0
230,11.583333333333332,0.4188856801631163,-0.06634497401259859,-17.299479166666668,-0.04392134426678509,0.006956457529996111,1.499340696178301,0,0,0,0,90,0,0,0
231,11.633333333333333,0.41668101868857355,-0.06599578993884808,-17.224218750000002,-0.04392134426678509,0.006956457529996111,1.499340696178301,0,0,0,0,90,0,0,0
232,11.683333333333334,0.41447635721403087,-0.06564660586509756,-17.148958333333333,-0.04392134426678509,0.006956457529996111,1.499340696178301,0,0,0,0,90,0,0,0
233,11.733333333333333,0.41227169573948813,-0.06529742179134704,-17.073697916666667,-0.04392134426678509,0.006956457529996111,1.499340696178301,0,0,0,0,90,0,0,0
234,11.783333333333333,0.4100670342649454,-0.06494823771759652,-16.9984375,-0.04392134426678509,0.006956457529996111,1.499340696178301,0,0,0,0,90,0,0,0
235,11.833333333333332,0.4078623727904027,-0.06459905364384601,-16.923177083333336,-0.04392134426678509,0.006956457529996111,1.499340696178301,0,0,0,0,90,0,0,0
236,11.883333333333333,0.40565771131586,-0.06424986957009549,-16.847916666666666,-0.04392134426678509,0.006956457529996111,1.499340696178301,0,0,0,0,90,0,0,0
237,11.933333333333334,0.40345304984131725,-0.06390068549634496,-16.77265625,-0.04392134426678509,0.006956457529996111,1.499340696178301,0,0,0,0,90,0,0,0
238,11.983333333333333,0.40124838836677457,-0.06355150142259444,-16.697395833333335,-0.04392134426678509,0.006956457529996111,1.499340696178301,0,0,0,0,90,0,0,0
239,12.033333333333333,0.39904372689223183,-0.06320231734884392,-16.622135416666666,-0.04392134426678509,0.006956457529996111,1.499340696178301,0,0,0,0,90,0,0,0
240,12.083333333333332,0.3968390654176891,-0.06285313327509341,-16.546875,-0.04392134426678509,0.006956457529996111,1.499340696178301,0,0,0,0,90,0,0,0
241,12.133333333333333,0.3946344039431464,-0.06250394920134289,-16.471614583333334,-0.04392134426678509,0.006956457529996111,1.499340696178301,0,0,0,0,90,0,0,0
242,12.183333333333334,0.3924297424686037,-0.06215476512759237,-16.39635416666667,-0.04392134426678509,0.006956457529996111,1.499340696178301,0,0,0,0,90,0,0,0
243,12.233333333333333,0.39022508099406095,-0.061805581053841846,-16.32109375,-0.04392134426678509,0.006956457529996111,1.499340696178301,0,0,0,0,90,0,0,0
244,12.283333333333333,0.38802041951951827,-0.06145639698009133,-16.245833333333334,-0.04392134426678509,0.006956457529996111,1.499340696178301,0,0,0,0,90,0,0,0
245,12.333333333333332,0.38581575804497553,-0.061107212906340816,-16.170572916666668,-0.04392134426678509,0.006956457529996111,1.499340696178301,0,0,0,0,90,0,0,0
246,12.383333333333333,0.3836110965704328,-0.060758028832590294,-16.0953125,-0.04392134426678509,0.006956457529996111,1.499340696178301,0,0,0,0,90,0,0,0
247,12.433333333333334,0.3814064350958901,-0.06040884475883977,-16.020052083333333,-0.04392134426678509,0.006956457529996111,1.499340696178301,0,0,0,0,90,0,0,0
248,12.483333333333333,0.3792017736213474,-0.06005966068508925,-15.944791666666667,-0.04392134426678509,0.006956457529996111,1.499340696178301,0,0,0,0,90,0,0,0
249,12.533333333333333,0.37699711214680465,-0.05971047661133874,-15.869531250000001,-0.04392134426678509,0.006956457529996111,1.499340696178301,0,0,0,0,90,0,0,0
250,12.583333333333332,0.3747924506722619,-0.05936129253758822,-15.794270833333334,-0.04392134426678509,0.006956457529996111,1.499340696178301,0,0,0,0,90,0,0,0
251,12.633333333333333,0.37258778919771923,-0.0590121084638377,-15.719010416666666,-0.04392134426678509,0.006956457529996111,1.499340696178301,0,0,0,0,90,0,0,0
252,12.683333333333334,0.3703831277231765,-0.058662924390087176,-15.64375,-0.04392134426678509,0.006956457529996111,1.499340696178301,0,0,0,0,90,0,0,0
253,12.733333333333333,0.3681784662486338,-0.05831374031633666,-15.568489583333335,-0.04392134426678509,0.006956457529996111,1.499340696178301,0,0,0,0,90,0,0,0
254,12.783333333333333,0.365973804774091,-0.05796455624258614,-15.493229166666666,-0.04392134426678509,0.006956457529996111,1.499340696178301,0,0,0,0,90,0,0,0
255,12.833333333333332,0.36376914329954835,-0.057615372168835624,-15.41796875,-0.04392134426678509,0.006956457529996111,1.499340696178301,0,0,0,0,90,0,0,0
256,12.883333333333333,0.36156448182500567,-0.0572661880950851,-15.342708333333334,-0.04392134426678509,0.006956457529996111,1.499340696178301,0,0,0,0,90,0,0,0
257,12.933333333333334,0.35935982035046293,-0.05691700402133459,-15.267447916666669,-0.04392134426678509,0.006956457529996111,1.499340696178301,0,0,0,0,90,0,0,0
258,12.983333333333333,0.3571551588759202,-0.056567819947584065,-15.1921875,-0.04392134426678509,0.006956457529996111,1.499340696178301,0,0,0,0,90,0,0,0
259,13.033333333333333,0.35495049740137746,-0.05621863587383355,-15.116927083333334,-0.04392134426678509,0.006956457529996111,1.499340696178301,0,0,0,0,90,0,0,0
260,13.083333333333332,0.3527458359268347,-0.05586945180008303,-15.041666666666668,-0.04392134426678509,0.006956457529996111,1.499340696178301,0,0,0,0,90,0,0,0
261,13.133333333333333,0.35054117445229205,-0.055520267726332506,-14.96640625,-0.04392134426678509,0.006956457529996111,1.499340696178301,0,0,0,0,90,0,0,0
262,13.183333333333334,0.3483365129777493,-0.05517108365258199,-14.891145833333333,-0.04392134426678509,0.006956457529996111,1.499340696178301,0,0,0,0,90,0,0,0
263,13.233333333333333,0.3461318515032066,-0.054821899578831476,-14.815885416666667,-0.04392134426678509,0.006956457529996111,1.499340696178301,0,0,0,0,90,0,0,0
264,13.283333333333333,0.3439271900286639,-0.054472715505080954,-14.740625000000001,-0.04392134426678509,0.006956457529996111,1.499340696178301,0,0,0,0,90,0,0,0
265,13.333333333333332,0.34172252855412116,-0.05412353143133043,-14.665364583333334,-0.04392134426678509,0.006956457529996111,1.499340696178301,0,0,0,0,90,0,0,0
266,13.383333333333333,0.33951786707957843,-0.05377434735757991,-14.590104166666666,-0.04392134426678509,0.006956457529996111,1.499340696178301,0,0,0,0,90,0,0,0
267,13.433333333333334,0.33731320560503575,-0.053425163283829395,-14.51484375,-0.04392134426678509,0.006956457529996111,1.499340696178301,0,0,0,0,90,0,0,0
268,13.483333333333333,0.335108544130493,-0.05307597921007887,-14.439583333333333,-0.04392134426678509,0.006956457529996111,1.499340696178301,0,0,0,0,90,0,0,0
269,13.533333333333333,0.3329038826559503,-0.05272679513632836,-14.364322916666667,-0.04392134426678509,0.006956457529996111,1.499340696178301,0,0,0,0,90,0,0,0
270,13.583333333333332,0.3306992211814076,-0.052377611062577836,-14.2890625,-0.04392134426678509,0.006956457529996111,1.499340696178301,0,0,0,0,90,0,0,0
271,13.633333333333333,0.3284945597068649,-0.05202842698882732,-14.213802083333334,-0.04392134426678509,0.006956457529996111,1.499340696178301,0,0,0,0,90,0,0,0
272,13.683333333333334,0.32628989823232213,-0.0516792429150768,-14.138541666666667,-0.04392134426678509,0.006956457529996111,1.499340696178301,0,0,0,0,90,0,0,0
273,13.733333333333333,0.32408523675777945,-0.051330058841326284,-14.063281250000001,-0.04392134426678509,0.006956457529996111,1.499340696178301,0,0,0,0,90,0,0,0
274,13.783333333333333,0.3218805752832367,-0.05098087476757576,-13.988020833333334,-0.04392134426678509,0.006956457529996111,1.499340696178301,0,0,0,0,90,0,0,0
275,13.833333333333332,0.319675913808694,-0.05063169069382524,-13.912760416666668,-0.04392134426678509,0.006956457529996111,1.499340696178301,0,0,0,0,90,0,0,0
276,13.883333333333333,0.3174712523341513,-0.050282506620074725,-13.8375,-0.04392134426678509,0.006956457529996111,1.499340696178301,0,0,0,0,90,0,0,0
277,13.933333333333334,0.31526659085960856,-0.04993332254632421,-13.762239583333333,-0.04392134426678509,0.006956457529996111,1.499340696178301,0,0,0,0,90,0,0,0
278,13.983333333333334,0.31306192938506583,-0.04958413847257369,-13.686979166666667,-0.04392134426678509,0.006956457529996111,1.499340696178301,0,0,0,0,90,0,0,0
279,14.033333333333333,0.31085726791052315,-0.049234954398823166,-13.611718750000001,-0.04392134426678509,0.006956457529996111,1.499340696178301,0,0,0,0,90,0,0,0
280,14.083333333333332,0.3086526064359804,-0.04888577032507265,-13.536458333333334,-0.04392134426678509,0.006956457529996111,1.499340696178301,0,0,0,0,90,0,0,0
281,14.133333333333333,0.3064479449614377,-0.048536586251322136,-13.461197916666666,-0.04392134426678509,0.006956457529996111,1.499340696178301,0,0,0,0,90,0,0,0
282,14.183333333333334,0.304243283486895,-0.048187402177571614,-13.3859375,-0.04392134426678509,0.006956457529996111,1.499340696178301,0,0,0,0,90,0,0,0
283,14.233333333333334,0.30203862201235226,-0.04783821810382109,-13.310677083333335,-0.04392134426678509,0.006956457529996111,1.499340696178301,0,0,0,0,90,0,0,0
284,14.283333333333333,0.29983396053780953,-0.04748903403007057,-13.235416666666667,-0.04392134426678509,0.006956457529996111,1.499340696178301,0,0,0,0,90,0,0,0
285,14.333333333333332,0.29762929906326685,-0.047139849956320055,-13.16015625,-0.04392134426678509,0.006956457529996111,1.499340696178301,0,0,0,0,90,0,0,0
286,14.383333333333333,0.2954246375887241,-0.04679066588256953,-13.084895833333334,-0.04392134426678509,0.006956457529996111,1.499340696178301,0,0,0,0,90,0,0,0
287,14.433333333333334,0.2932199761141814,-0.04644148180881902,-13.009635416666667,-0.04392134426678509,0.006956457529996111,1.499340696178301,0,0,0,0,90,0,0,0
288,14.483333333333334,0.2910153146396387,-0.046092297735068496,-12.934375000000001,-0.04392134426678509,0.006956457529996111,1.499340696178301,0,0,0,0,90,0,0,0
289,14.533333333333333,0.2888106531650959,-0.045743113661317975,-12.859114583333334,-0.04392134426678509,0.006956457529996111,1.499340696178301,0,0,0,0,90,0,0,0
290,14.583333333333332,0.28660599169055323,-0.04539392958756746,-12.783854166666668,-0.04392134426678509,0.006956457529996111,1.499340696178301,0,0,0,0,90,0,0,0
291,14.633333333333333,0.28440133021601055,-0.045044745513816944,-12.70859375,-0.04392134426678509,0.006956457529996111,1.499340696178301,0,0,0,0,90,0,0,0
292,14.683333333333334,0.2821966687414678,-0.04469556144006642,-12.633333333333335,-0.04392134426678509,0.006956457529996111,1.499340696178301,0,0,0,0,90,0,0,0
293,14.733333333333334,0.2799920072669251,-0.0443463773663159,-12.558072916666667,-0.04392134426678509,0.006956457529996111,1.499340696178301,0,0,0,0,90,0,0,0
294,14.783333333333333,0.2777873457923824,-0.043997193292565386,-12.482812500000001,-0.04392134426678509,0.006956457529996111,1.499340696178301,0,0,0,0,90,0,0,0
295,14.833333333333332,0.27558268431783967,-0.043648009218814864,-12.407552083333334,-0.04392134426678509,0.006956457529996111,1.499340696178301,0,0,0,0,90,0,0,0
296,14.883333333333333,0.27337802284329693,-0.04329882514506434,-12.332291666666666,-0.04392134426678509,0.006956457529996111,1.499340696178301,0,0,0,0,90,0,0,0
297,14.933333333333334,0.27117336136875425,-0.04294964107131383,-12.25703125,-0.04392134426678509,0.006956457529996111,1.499340696178301,0,0,0,0,90,0,0,0
298,14.983333333333334,0.2689686998942115,-0.04260045699756331,-12.181770833333335,-0.04392134426678509,0.006956457529996111,1.499340696178301,0,0,0,0,90,0,0,0
299,15.033333333333333,0.2667640384196688,-0.04225127292381279,-12.106510416666667,-0.04392134426678509,0.006956457529996111,1.499340696178301,0,0,0,0,90,0,0,0
300,15.083333333333332,0.2645593769451261,-0.04190208885006227,-12.03125,-0.04392134426678509,0.006956457529996111,1.499340696178301,0,0,0,0,90,0,0,0
301,15.133333333333333,0.26235471547058337,-0.04155290477631175,-11.955989583333334,-0.04392134426678509,0.006956457529996111,1.499340696178301,0,0,0,0,90,0,0,0
302,15.183333333333334,0.26015005399604063,-0.04120372070256124,-11.880729166666669,-0.04392134426678509,0.006956457529996111,1.499340696178301,0,0,0,0,90,0,0,0
303,15.233333333333334,0.2579453925214979,-0.040854536628810716,-11.80546875,-0.04392134426678509,0.006956457529996111,1.499340696178301,0,0,0,0,90,0,0,0
304,15.283333333333333,0.25574073104695516,-0.040505352555060194,-11.730208333333334,-0.04392134426678509,0.006956457529996111,1.499340696178301,0,0,0,0,90,0,0,0
305,15.333333333333332,0.2535360695724125,-0.04015616848130968,-11.654947916666668,-0.04392134426678509,0.006956457529996111,1.499340696178301,0,0,0,0,90,0,0,0
306,15.383333333333333,0.2513314080978698,-0.03980698440755916,-11.5796875,-0.04392134426678509,0.006956457529996111,1.499340696178301,0,0,0,0,90,0,0,0
307,15.433333333333334,0.24912674662332704,-0.039457800333808635,-11.504427083333333,-0.04392134426678509,0.006956457529996111,1.499340696178301,0,0,0,0,90,0,0,0
308,15.483333333333334,0.24692208514878433,-0.03910861626005812,-11.429166666666667,-0.04392134426678509,0.006956457529996111,1.499340696178301,0,0,0,0,90,0,0,0
309,15.533333333333333,0.24471742367424162,-0.038759432186307605,-11.353906250000001,-0.04392134426678509,0.006956457529996111,1.499340696178301,0,0,0,0,90,0,0,0
310,15.583333333333332,0.24251276219969892,-0.03841024811255708,-11.278645833333334,-0.04392134426678509,0.006956457529996111,1.499340696178301,0,0,0,0,90,0,0,0
311,15.633333333333333,0.24030810072515618,-0.03806106403880657,-11.203385416666668,-0.04392134426678509,0.006956457529996111,1.499340696178301,0,0,0,0,90,0,0,0
312,15.683333333333334,0.23810343925061345,-0.03771187996505604,-11.128124999999999,-0.04392134426678509,0.006956457529996111,1.499340696178301,0,0,0,0,90,0,0,0
313,15.733333333333334,0.2358987777760707,-0.037362695891305524,-11.052864583333333,-0.04392134426678509,0.006956457529996111,1.499340696178301,0,0,0,0,90,0,0,0
314,15.783333333333333,0.23369411630152803,-0.037013511817555,-10.977604166666667,-0.04392134426678509,0.006956457529996111,1.499340696178301,0,0,0,0,90,0,0,0
315,15.833333333333332,0.2314894548269853,-0.03666432774380449,-10.90234375,-0.04392134426678509,0.006956457529996111,1.499340696178301,0,0,0,0,90,0,0,0
316,15.883333333333333,0.22928479335244262,-0.03631514367005397,-10.827083333333334,-0.04392134426678509,0.006956457529996111,1.499340696178301,0,0,0,0,90,0,0,0
317,15.933333333333334,0.22708013187789988,-0.03596595959630345,-10.751822916666667,-0.04392134426678509,0.006956457529996111,1.499340696178301,0,0,0,0,90,0,0,0
318,15.983333333333334,0.2248754704033572,-0.035616775522552935,-10.676562500000001,-0.04392134426678509,0.006956457529996111,1.499340696178301,0,0,0,0,90,0,0,0
319,16.03333333333333,0.2226708089288144,-0.035267591448802406,-10.601302083333334,-0.04392134426678509,0.006956457529996111,1.499340696178301,0,0,0,0,90,0,0,0
320,16.083333333333332,0.22046614745427173,-0.03491840737505189,-10.526041666666666,-0.04392134426678509,0.006956457529996111,1.499340696178301,0,0,0,0,90,0,0,0
321,16.133333333333333,0.218261485979729,-0.034569223301301376,-10.45078125,-0.04392134426678509,0.006956457529996111,1.499340696178301,0,0,0,0,90,0,0,0
322,16.183333333333334,0.21605682450518626,-0.034220039227550854,-10.375520833333333,-0.04392134426678509,0.006956457529996111,1.499340696178301,0,0,0,0,90,0,0,0
323,16.233333333333334,0.21385216303064358,-0.03387085515380034,-10.300260416666667,-0.04392134426678509,0.006956457529996111,1.499340696178301,0,0,0,0,90,0,0,0
324,16.28333333333333,0.21164750155610085,-0.03352167108004982,-10.225000000000001,-0.04392134426678509,0.006956457529996111,1.499340696178301,0,0,0,0,90,0,0,0
325,16.333333333333332,0.20944284008155817,-0.0331724870062993,-10.149739583333334,-0.04392134426678509,0.006956457529996111,1.499340696178301,0,0,0,0,90,0,0,0
326,16.383333333333333,0.20723817860701538,-0.03282330293254877,-10.074479166666666,-0.04392134426678509,0.006956457529996111,1.499340696178301,0,0,0,0,90,0,0,0
327,16.433333333333334,0.2050335171324727,-0.03247411885879826,-9.99921875,-0.04392134426678509,0.006956457529996111,1.499340696178301,0,0,0,0,90,0,0,0
328,16.483333333333334,0.20282885565792996,-0.03212493478504774,-9.923958333333333,-0.04392134426678509,0.006956457529996111,1.499340696178301,0,0,0,0,90,0,0,0
329,16.53333333333333,0.20062419418338728,-0.03177575071129722,-9.848697916666667,-0.04392134426678509,0.006956457529996111,1.499340696178301,0,0,0,0,90,0,0,0
330,16.583333333333332,0.19841953270884455,-0.031426566637546706,-9.7734375,-0.04392134426678509,0.006956457529996111,1.499340696178301,0,0,0,0,90,0,0,0
331,16.633333333333333,0.19621487123430187,-0.031077382563796184,-9.698177083333334,-0.04392134426678509,0.006956457529996111,1.499340696178301,0,0,0,0,90,0,0,0
332,16.683333333333334,0.19401020975975913,-0.03072819849004567,-9.622916666666669,-0.04392134426678509,0.006956457529996111,1.499340696178301,0,0,0,0,90,0,0,0
333,16.733333333333334,0.1918055482852164,-0.03037901441629514,-9.54765625,-0.04392134426678509,0.006956457529996111,1.499340696178301,0,0,0,0,90,0,0,0
334,16.78333333333333,0.18960088681067366,-0.030029830342544625,-9.472395833333334,-0.04392134426678509,0.006956457529996111,1.499340696178301,0,0,0,0,90,0,0,0
335,16.833333333333332,0.18739622533613098,-0.02968064626879411,-9.397135416666666,-0.04392134426678509,0.006956457529996111,1.499340696178301,0,0,0,0,90,0,0,0
336,16.883333333333333,0.18519156386158825,-0.029331462195043588,-9.321875,-0.04392134426678509,0.006956457529996111,1.499340696178301,0,0,0,0,90,0,0,0
337,16.933333333333334,0.1829869023870455,-0.028982278121293073,-9.246614583333335,-0.04392134426678509,0.006956457529996111,1.499340696178301,0,0,0,0,90,0,0,0
338,16.983333333333334,0.18078224091250283,-0.02863309404754255,-9.171354166666667,-0.04392134426678509,0.006956457529996111,1.499340696178301,0,0,0,0,90,0,0,0
339,17.03333333333333,0.1785775794379601,-0.028283909973792036,-9.096093750000001,-0.04392134426678509,0.006956457529996111,1.499340696178301,0,0,0,0,90,0,0,0
340,17.083333333333332,0.17637291796341736,-0.027934725900041507,-9.020833333333332,-0.04392134426678509,0.006956457529996111,1.499340696178301,0,0,0,0,90,0,0,0
341,17.133333333333333,0.17416825648887463,-0.027585541826290992,-8.945572916666666,-0.04392134426678509,0.006956457529996111,1.499340696178301,0,0,0,0,90,0,0,0
342,17.183333333333334,0.17196359501433195,-0.027236357752540477,-8.8703125,-0.04392134426678509,0.006956457529996111,1.499340696178301,0,0,0,0,90,0,0,0
343,17.233333333333334,0.16975893353978921,-0.026887173678789955,-8.795052083333333,-0.04392134426678509,0.006956457529996111,1.499340696178301,0,0,0,0,90,0,0,0
344,17.28333333333333,0.16755427206524653,-0.02653798960503944,-8.719791666666667,-0.04392134426678509,0.006956457529996111,1.499340696178301,0,0,0,0,90,0,0,0
345,17.333333333333332,0.1653496105907038,-0.026188805531288925,-8.64453125,-0.04392134426678509,0.006956457529996111,1.499340696178301,0,0,0,0,90,0,0,0
346,17.383333333333333,0.16314494911616112,-0.025839621457538403,-8.569270833333334,-0.04392134426678509,0.006956457529996111,1.499340696178301,0,0,0,0,90,0,0,0
347,17.433333333333334,0.16094028764161833,-0.02549043738378788,-8.494010416666667,-0.04392134426678509,0.006956457529996111,1.499340696178301,0,0,0,0,90,0,0,0
348,17.483333333333334,0.15873562616707565,-0.02514125331003736,-8.41875,-0.04392134426678509,0.006956457529996111,1.499340696178301,0,0,0,0,90,0,0,0
349,17.53333333333333,0.15653096469253291,-0.024792069236286844,-8.343489583333334,-0.04392134426678509,0.006956457529996111,1.499340696178301,0,0,0,0,90,0,0,0
350,17.583333333333332,0.15432630321799023,-0.024442885162536322,-8.268229166666668,-0.04392134426678509,0.006956457529996111,1.499340696178301,0,0,0,0,90,0,0,0
351,17.633333333333333,0.1521216417434475,-0.024093701088785807,-8.19296875,-0.04392134426678509,0.006956457529996111,1.499340696178301,0,0,0,0,90,0,0,0
352,17.683333333333334,0.14991698026890476,-0.023744517015035292,-8.117708333333335,-0.04392134426678509,0.006956457529996111,1.499340696178301,0,0,0,0,90,0,0,0
353,17.733333333333334,0.14771231879436209,-0.02339533294128477,-8.042447916666667,-0.04392134426678509,0.006956457529996111,1.499340696178301,0,0,0,0,90,0,0,0
354,17.78333333333333,0.1455076573198193,-0.023046148867534248,-7.9671875,-0.04392134426678509,0.006956457529996111,1.499340696178301,0,0,0,0,90,0,0,0
355,17.833333333333332,0.14330299584527662,-0.022696964793783726,-7.891927083333334,-0.04392134426678509,0.006956457529996111,1.499340696178301,0,0,0,0,90,0,0,0
356,17.883333333333333,0.14109833437073388,-0.02234778072003321,-7.816666666666666,-0.04392134426678509,0.006956457529996111,1.499340696178301,0,0,0,0,90,0,0,0
357,17.933333333333334,0.1388936728961912,-0.02199859664628269,-7.741406250000001,-0.04392134426678509,0.006956457529996111,1.499340696178301,0,0,0,0,90,0,0,0
358,17.983333333333334,0.13668901142164847,-0.021649412572532174,-7.666145833333333,-0.04392134426678509,0.006956457529996111,1.499340696178301,0,0,0,0,90,0,0,0
359,18.03333333333333,0.13448434994710579,-0.02130022849878166,-7.5908854166666675,-0.04392134426678509,0.006956457529996111,1.499340696178301,0,0,0,0,90,0,0,0
360,18.083333333333336,0.13227968847256305,-0.020951044425031137,-7.515625000000002,-0.04392134426678509,0.006956457529996111,1.499340696178301,0,0,0,0,90,0,0,0
361,18.133333333333333,0.13007502699802032,-0.020601860351280615,-7.4403645833333325,-0.04392134426678509,0.006956457529996111,1.499340696178301,0,0,0,0,90,0,0,0
362,18.183333333333334,0.12787036552347758,-0.020252676277530093,-7.365104166666667,-0.04392134426678509,0.006956457529996111,1.499340696178301,0,0,0,0,90,0,0,0
363,18.233333333333334,0.1256657040489349,-0.01990349220377958,-7.289843749999999,-0.04392134426678509,0.006956457529996111,1.499340696178301,0,0,0,0,90,0,0,0
364,18.28333333333333,0.12346104257439217,-0.019554308130029063,-7.214583333333334,-0.04392134426678509,0.006956457529996111,1.499340696178301,0,0,0,0,90,0,0,0
365,18.333333333333336,0.12125638109984943,-0.01920512405627854,-7.139322916666668,-0.04392134426678509,0.006956457529996111,1.499340696178301,0,0,0,0,90,0,0,0
366,18.383333333333333,0.11905171962530675,-0.018855939982528026,-7.0640625,-0.04392134426678509,0.006956457529996111,1.499340696178301,0,0,0,0,90,0,0,0
367,18.433333333333334,0.11684705815076402,-0.018506755908777504,-6.988802083333335,-0.04392134426678509,0.006956457529996111,1.499340696178301,0,0,0,0,90,0,0,0
368,18.483333333333334,0.11464239667622128,-0.018157571835026982,-6.913541666666665,-0.04392134426678509,0.006956457529996111,1.499340696178301,0,0,0,0,90,0,0,0
369,18.53333333333333,0.11243773520167855,-0.01780838776127646,-6.83828125,-0.04392134426678509,0.006956457529996111,1.499340696178301,0,0,0,0,90,0,0,0
370,18.583333333333336,0.11023307372713587,-0.017459203687525945,-6.763020833333334,-0.04392134426678509,0.006956457529996111,1.499340696178301,0,0,0,0,90,0,0,0
371,18.633333333333333,0.10802841225259313,-0.01711001961377543,-6.687760416666666,-0.04392134426678509,0.006956457529996111,1.499340696178301,0,0,0,0,90,0,0,0
372,18.683333333333334,0.10582375077805045,-0.01676083554002491,-6.612500000000001,-0.04392134426678509,0.006956457529996111,1.499340696178301,0,0,0,0,90,0,0,0
373,18.733333333333334,0.10361908930350772,-0.016411651466274393,-6.537239583333333,-0.04392134426678509,0.006956457529996111,1.499340696178301,0,0,0,0,90,0,0,0
374,18.78333333333333,0.10141442782896504,-0.01606246739252387,-6.4619791666666675,-0.04392134426678509,0.006956457529996111,1.499340696178301,0,0,0,0,90,0,0,0
375,18.833333333333336,0.09920976635442225,-0.01571328331877335,-6.38671875,-0.04392134426678509,0.006956457529996111,1.499340696178301,0,0,0,0,90,0,0,0
376,18.883333333333333,0.09700510487987957,-0.015364099245022828,-6.3114583333333325,-0.04392134426678509,0.006956457529996111,1.499340696178301,0,0,0,0,90,0,0,0
377,18.933333333333334,0.09480044340533683,-0.01501491517127232,-6.236197916666667,-0.04392134426678509,0.006956457529996111,1.499340696178301,0,0,0,0,90,0,0,0
378,18.983333333333334,0.0925957819307941,-0.014665731097521797,-6.160937499999999,-0.04392134426678509,0.006956457529996111,1.499340696178301,0,0,0,0,90,0,0,0
379,19.03333333333333,0.09039112045625142,-0.014316547023771276,-6.085677083333334,-0.04392134426678509,0.006956457529996111,1.499340696178301,0,0,0,0,90,0,0,0
380,19.083333333333336,0.08818645898170868,-0.013967362950020754,-6.010416666666668,-0.04392134426678509,0.006956457529996111,1.499340696178301,0,0,0,0,90,0,0,0
381,19.133333333333333,0.085981797507166,-0.013618178876270245,-5.93515625,-0.04392134426678509,0.006956457529996111,1.499340696178301,0,0,0,0,90,0,0,0
382,19.183333333333334,0.08377713603262321,-0.01326899480251971,-5.859895833333333,-0.04392134426678509,0.006956457529996111,1.499340696178301,0,0,0,0,90,0,0,0
383,19.233333333333334,0.08157247455808053,-0.012919810728769202,-5.784635416666667,-0.04392134426678509,0.006956457529996111,1.499340696178301,0,0,0,0,90,0,0,0
384,19.28333333333333,0.0793678130835378,-0.01257062665501868,-5.709375,-0.04392134426678509,0.006956457529996111,1.499340696178301,0,0,0,0,90,0,0,0
385,19.333333333333336,0.07716315160899512,-0.012221442581268158,-5.634114583333334,-0.04392134426678509,0.006956457529996111,1.499340696178301,0,0,0,0,90,0,0,0
386,19.383333333333333,0.07495849013445238,-0.01187225850751765,-5.558854166666666,-0.04392134426678509,0.006956457529996111,1.499340696178301,0,0,0,0,90,0,0,0
387,19.433333333333334,0.0727538286599097,-0.011523074433767128,-5.483593750000001,-0.04392134426678509,0.006956457529996111,1.499340696178301,0,0,0,0,90,0,0,0
388,19.483333333333334,0.07054916718536697,-0.011173890360016606,-5.408333333333335,-0.04392134426678509,0.006956457529996111,1.499340696178301,0,0,0,0,90,0,0,0
389,19.53333333333333,0.06834450571082423,-0.010824706286266084,-5.333072916666666,-0.04392134426678509,0.006956457529996111,1.499340696178301,0,0,0,0,90,0,0,0
390,19.583333333333336,0.0661398442362815,-0.010475522212515562,-5.2578125,-0.04392134426678509,0.006956457529996111,1.499340696178301,0,0,0,0,90,0,0,0
391,19.633333333333333,0.06393518276173882,-0.010126338138765054,-5.1825520833333325,-0.04392134426678509,0.006956457529996111,1.499340696178301,0,0,0,0,90,0,0,0
392,19.683333333333334,0.06173052128719608,-0.009777154065014532,-5.107291666666667,-0.04392134426678509,0.006956457529996111,1.499340696178301,0,0,0,0,90,0,0,0
393,19.733333333333334,0.05952585981265335,-0.00942796999126401,-5.032031250000001,-0.04392134426678509,0.006956457529996111,1.499340696178301,0,0,0,0,90,0,0,0
394,19.78333333333333,0.05732119833811067,-0.009078785917513488,-4.956770833333334,-0.04392134426678509,0.006956457529996111,1.499340696178301,0,0,0,0,90,0,0,0
395,19.833333333333336,0.05511653686356793,-0.00872960184376298,-4.881510416666668,-0.04392134426678509,0.006956457529996111,1.499340696178301,0,0,0,0,90,0,0,0
396,19.883333333333333,0.0529118753890252,-0.008380417770012444,-4.806249999999999,-0.04392134426678509,0.006956457529996111,1.499340696178301,0,0,0,0,90,0,0,0
397,19.933333333333334,0.05070721391448246,-0.008031233696261936,-4.730989583333333,-0.04392134426678509,0.006956457529996111,1.499340696178301,0,0,0,0,90,0,0,0
398,19.983333333333334,0.04850255243993978,-0.007682049622511414,-4.655729166666667,-0.04392134426678509,0.006956457529996111,1.499340696178301,0,0,0,0,90,0,0,0
399,20.03333333333333,0.04629789096539705,-0.007332865548760892,-4.58046875,-0.04392134426678509,0.006956457529996111,1.499340696178301,0,0,0,0,90,0,0,0
400,20.083333333333336,0.04409322949085437,-0.006983681475010384,-4.505208333333334,-0.04392134426678509,0.006956457529996111,1.499340696178301,0,0,0,0,90,0,0,0
401,20.133333333333333,0.041888568016311634,-0.006634497401259862,-4.429947916666666,-0.04392134426678509,0.006956457529996111,1.499340696178301,0,0,0,0,90,0,0,0
402,20.183333333333334,0.039683906541768954,-0.00628531332750934,-4.354687500000001,-0.04392134426678509,0.006956457529996111,1.499340696178301,0,0,0,0,90,0,0,0
403,20.233333333333334,0.03747924506722616,-0.005936129253758818,-4.279427083333333,-0.04392134426678509,0.006956457529996111,1.499340696178301,0,0,0,0,90,0,0,0
404,20.28333333333333,0.035274583592683484,-0.005586945180008296,-4.204166666666666,-0.04392134426678509,0.006956457529996111,1.499340696178301,0,0,0,0,90,0,0,0
405,20.333333333333336,0.03306992211814075,-0.005237761106257788,-4.12890625,-0.04392134426678509,0.006956457529996111,1.499340696178301,0,0,0,0,90,0,0,0
406,20.383333333333333,0.03086526064359807,-0.004888577032507266,-4.053645833333334,-0.04392134426678509,0.006956457529996111,1.499340696178301,0,0,0,0,90,0,0,0
407,20.433333333333334,0.028660599169055334,-0.004539392958756744,-3.978385416666667,-0.04392134426678509,0.006956457529996111,1.499340696178301,0,0,0,0,90,0,0,0
408,20.483333333333334,0.0264559376945126,-0.004190208885006236,-3.903125000000001,-0.04392134426678509,0.006956457529996111,1.499340696178301,0,0,0,0,90,0,0,0
409,20.53333333333333,0.02425127621996992,-0.003841024811255714,-3.8278645833333336,-0.04392134426678509,0.006956457529996111,1.499340696178301,0,0,0,0,90,0,0,0
410,20.583333333333336,0.02204661474542713,-0.003491840737505192,-3.7526041666666643,-0.04392134426678509,0.006956457529996111,1.499340696178301,0,0,0,0,90,0,0,0
411,20.633333333333333,0.01984195327088445,-0.00314265666375467,-3.6773437499999986,-0.04392134426678509,0.006956457529996111,1.499340696178301,0,0,0,0,90,0,0,0
412,20.683333333333334,0.017637291796341714,-0.002793472590004148,-3.602083333333333,-0.04392134426678509,0.006956457529996111,1.499340696178301,0,0,0,0,90,0,0,0
413,20.733333333333334,0.015432630321799035,-0.002444288516253626,-3.526822916666667,-0.04392134426678509,0.006956457529996111,1.499340696178301,0,0,0,0,90,0,0,0
414,20.78333333333333,0.0132279688472563,-0.002095104442503118,-3.4515625000000014,-0.04392134426678509,0.006956457529996111,1.499340696178301,0,0,0,0,90,0,0,0
415,20.833333333333336,0.01102330737271362,-0.001745920368752596,-3.376302083333332,-0.04392134426678509,0.006956457529996111,1.499340696178301,0,0,0,0,90,0,0,0
416,20.883333333333333,0.008818645898170885,-0.001396736295002074,-3.3010416666666664,-0.04392134426678509,0.006956457529996111,1.499340696178301,0,0,0,0,90,0,0,0
417,20.933333333333334,0.00661398442362815,-0.001047552221251552,-3.2257812500000007,-0.04392134426678509,0.006956457529996111,1.499340696178301,0,0,0,0,90,0,0,0
418,20.983333333333334,0.004409322949085415,-0.00069836814750103,-3.1505208333333314,-0.04392134426678509,0.006956457529996111,1.499340696178301,0,0,0,0,90,0,0,0
419,21.03333333333333,0.002204661474542735,-0.00034918407375052196,-3.0752604166666657,-0.04392134426678509,0.006956457529996111,1.499340696178301,0,0,0,0,90,0,0,0
